<?xml version="1.0" encoding="UTF-8"?>
<beans xmlns="http://www.springframework.org/schema/beans"
	xmlns:xsi="http://www.w3.org/2001/XMLSchema-instance" xmlns:p="http://www.springframework.org/schema/p"
	xmlns:context="http://www.springframework.org/schema/context"
	xsi:schemaLocation="http://www.springframework.org/schema/beans  
               http://www.springframework.org/schema/beans/spring-beans-3.0.xsd
               http://www.springframework.org/schema/context 
			   http://www.springframework.org/schema/context/spring-context-2.5.xsd
               ">


	

	<bean id="account1" class="com.companyname.core.Account1">
		<property name="accountNumber" value="1"></property>
		<property name="accountHolderName" value="James"></property>
	</bean>

	<bean id="account2" class="com.companyname.core.Account1">
		<property name="accountNumber" value="2"></property>
		<property name="accountHolderName" value="Rod Johnson"></property>
	</bean>

	<bean id="account3" class="com.companyname.core.Account1">
		<property name="accountNumber" value="3"></property>
		<property name="accountHolderName" value="Gavin King"></property>
	</bean>

	<bean id="customer1Bean" class="com.companyname.core.Customer1">
		<property name="customerId" value="1122"></property>
		<property name="customerName" value="James"></property>
		<property name="listOfAccounts">
			<list>
				<ref bean="account1" />
				<ref bean="account2" />
				<ref bean="account3" />
			</list>
		</property>
	</bean>

</beans>