<?xml version="1.0" encoding="UTF-8"?>
<beans xmlns="http://www.springframework.org/schema/beans"
	xmlns:xsi="http://www.w3.org/2001/XMLSchema-instance" xmlns:p="http://www.springframework.org/schema/p"
	xmlns:context="http://www.springframework.org/schema/context"
	xsi:schemaLocation="http://www.springframework.org/schema/beans  
               http://www.springframework.org/schema/beans/spring-beans-3.0.xsd      
               http://www.springframework.org/schema/context 
               http://www.springframework.org/schema/context/spring-context-2.5.xsd">

	<context:annotation-config />
	
	<!-- Create bean for Account class -->
	<bean id="accountObject" class="com.companyname.core.Account">
		<property name="accountNumber" value="445566557788"></property>
		<property name="accountHolderName" value="Rod Johnson"></property>
	</bean>

	<!-- Create bean for Account class -->
	<bean id="customerObject" class="com.companyname.core.Customer">
		<property name="customerId" value="123"></property>
		<property name="customerName" value="Johnson"></property>
		<!-- <property name="account" ref="accountObject"></property> -->
	</bean>

</beans>