<?xml version="1.0" encoding="UTF-8"?>
<beans xmlns="http://www.springframework.org/schema/beans"
	xmlns:xsi="http://www.w3.org/2001/XMLSchema-instance" xmlns:p="http://www.springframework.org/schema/p"
	xmlns:context="http://www.springframework.org/schema/context"
	xsi:schemaLocation="http://www.springframework.org/schema/beans  
               http://www.springframework.org/schema/beans/spring-beans-3.0.xsd
               http://www.springframework.org/schema/context 
			   http://www.springframework.org/schema/context/spring-context-2.5.xsd
               ">
	
	
	<bean id="employeeBean" class="com.companyname.core.Employee">
	<property name="employeeId" value="123"></property>
	<property name="employeeName" value="Rod Johnson"></property>
	<property name="address">
	<array>
	<value>Temporary</value>
	<value>Permanent</value>
	</array>
	</property>
	
	</bean>

</beans>